<?xml version="1.0"?>
<Auti>
    <Auto>
        <Name>Hyundai Santa Fe</Name>
        <Price>39,198</Price>
        <Seating>5</Seating>
        <Horsepower>185</Horsepower>
    </Auto>
        <Auto>
        <Name>Kia Sorento</Name>
        <Price>40,925</Price>
        <Seating>5</Seating>
        <Horsepower>185</Horsepower>
    </Auto>
        <Auto>
        <Name>Honda CR-V</Name>
        <Price>37,206</Price>
        <Seating>5</Seating>
        <Horsepower>190</Horsepower>
    </Auto>
        <Auto>
        <Name>Toyota RAV4 Hybrid</Name>
        <Price>41,581</Price>
        <Seating>5</Seating>
        <Horsepower>176</Horsepower>
    </Auto>
        <Auto>
        <Name>Kia Sedona</Name>
        <Price>43,384</Price>
        <Seating>5</Seating>
        <Horsepower>276</Horsepower>
    </Auto>
        <Auto>
        <Name>Kia Soul</Name>
        <Price>27,179</Price>
        <Seating>5</Seating>
        <Horsepower>147</Horsepower>
    </Auto>
</Auti>